,remote_hostname,company,company_website,result
2500,vonagenetworks.net,Vonage Networks,https://www.vonage.com/,CDN
2501,dgosvc.com,,,
2502,myshopapps.com,MyShopApps,http://www.myshopapps.com/,marketing
2503,logentries.com,Logentries,https://logentries.com,analytics
2504,xiaoyi.com,Xiaomi,https://www.mi.com/,First-party host
2505,proofpoint.com,Proofpoint,https://www.proofpoint.com/,marketing
2506,desire2learn.com,D2L Corporation,https://www.d2l.com/,first-party host
2507,online-metrix.net,Online-Metrix,https://www.online-metrix.net/,analytics
2508,ezoic.net,Ezoic,https://www.ezoic.com/,Advertising
2509,dishtech.us,Dish Technologies LLC,https://www.dish.com/,first-party host
2510,pearson.com,Pearson,pearson.com,educational content provider
2511,eemanager.net,EEManager,https://eemanager.net/,analytics
2512,rcncustomer.com,RCN Telecom Services,https://www.rcn.com/,first-party host
2513,ip-51-91-212.eu,,,
2514,wdc.com,Western Digital,https://www.westerndigital.com/,First-party host
2515,jumpdesktop.com,Jump Desktop Inc.,https://jumpdesktop.com/,first-party host
2516,ubianet.com,Ubiant,https://www.ubiant.com/,IoT device manufacturer website
2517,homeassurednow.com,Home Assured Now,https://www.homeassurednow.com/,marketing
2518,ip-192-99-160.net,,,
2519,teslamotors.com,Tesla,https://www.tesla.com/,first-party host
2520,slacker.com,Slacker,https://www.slacker.com/,music streaming service
2521,slkimg.com,SlickPic,https://www.slickpic.com/,CDN
2522,spotxcdn.com,SpotX,https://www.spotx.tv/,CDN
2523,dvtps.com,DigiCert,https://www.digicert.com/,CDN
2524,b17g.net,,,
2525,foursquare.com,Foursquare,https://foursquare.com/,marketing
2526,mgid.com,MGID,https://www.mgid.com/,advertising
2527,businessinsider.com,Insider Inc.,https://www.insider-inc.com/,news publishing
2528,canal-plus.com,Canal+,https://www.canalplus.com/,first-party host
2529,canalplus-cdn.net,Canal+ Group,https://www.canalplusgroup.com/,CDN
2530,hispeed.ch,Swisscom,https://www.swisscom.ch/,first-party host
2531,ono.com,ONO,https://www.ono.com/,First-party host
2532,jazztel.es,Jazztel,https://www.jazztel.es/,first-party host
2533,bezeqint.net,Bezeq International,https://www.bezeqint.net/,DNS
2534,lynet.no,LYNET,https://www.lynet.no/,first-party host
2535,adslplus.ch,ADSLplus,https://www.adslplus.ch/,first-party host
2536,grafana.org,Grafana Labs,https://grafana.com/,static server
2537,evwi.net,EVWI,https://www.evwi.net/,CDN
2538,jwpltx.com,JW Player,https://www.jwplayer.com/,tracking/analytics
2539,c-wss.com,Canon Inc.,https://global.canon/,CDN
2540,c-ij.com,Canon,https://www.canon.com/,first-party host
2541,conductrics.com,Conductrics,https://conductrics.com/,analytics
2542,vtr.net,VTR Globalcom S.A.,https://www.vtr.com/,first-party host
2543,medium.com,Medium,https://medium.com/,first-party host
2544,squeezenetwork.com,Logitech,https://www.logitech.com,first-party host
2545,squeezecommunity.org,Logitech,https://www.logitech.com/,First-party host
2546,uci.edu,"University of California, Irvine",https://uci.edu/,first-party host
2547,switchnap.com,SwitchNap,https://www.switchnap.com/,CDN
2548,unpkg.com,UNPKG,https://unpkg.com,CDN
2549,gotdns.ch,gotdns.ch,https://gotdns.ch/,DNS
2550,ripe.net,RIPE Network Coordination Centre,https://www.ripe.net/,DNS
2551,backplanedns.org,Backplane,https://www.backplane.io/,DNS
2552,muscache.com,Muscache,https://muscache.com/,CDN
2553,debian.org,Debian,https://www.debian.org/,first-party host
2554,persgroep.cloud,De Persgroep,https://www.persgroep.com/,CDN
2555,polarcdn-pentos.com,Pentos AG,https://www.pentos.com/,CDN
2556,lijit.com,Lijit Networks,https://www.lijit.com/,advertising
2557,justpremium.com,JustPremium,https://justpremium.com/,advertising
2558,cxense.com,Cxense,https://www.cxense.com/,analytics
2559,smartocto.com,SmartOcto,https://smartocto.com/,marketing
2560,adhese.com,Adhese,https://www.adhese.com/,advertising
2561,outbrain.org,Outbrain,https://www.outbrain.com/,advertising
2562,pushengage.com,PushEngage,https://pushengage.com/,marketing
2563,adsymptotic.com,AdSymptotic,https://adsymptotic.com/,advertising
2564,retailmenot.com,RetailMeNot,https://www.retailmenot.com/,marketing
2565,ifood.tv,iFood.tv,https://ifood.tv/,first-party host
2566,lgthinq.com,LG Electronics,https://www.lg.com/,marketing
2567,hom.ee,Homematic IP GmbH & Co. KG,https://www.homematic-ip.com/,First-party host
2568,adsco.re,AdsCore,https://adsco.re/,advertising
2569,ak-is2.net,Akamai Technologies,https://www.akamai.com/,CDN
2570,amung.us,Amung.us,https://www.amung.us/,analytics
2571,geotrust.com,GeoTrust,https://www.geotrust.com/,security and SSL certificates
2572,simpliftsbefore.info,,,
2573,garmin.com,Garmin Ltd.,https://www.garmin.com/,first-party host
2574,worldstream.nl,WorldStream B.V.,https://www.worldstream.nl/,static server
2575,emby.media,Emby Media,https://emby.media,first-party host
2576,planeta.tc,,,
2577,xmsecu.com,"Xiamen Yingsheng Electronic Technology Co.,Ltd.",http://www.xmsecu.com/,first-party host
2578,igexin.com,IGEXIN,http://www.igexin.com/,CDN
2579,lovestv.es,Lovestv,https://www.lovestv.es/,first-party host
2580,jamfcloud.com,Jamf,https://www.jamf.com/,CDN
2581,trello.com,Atlassian,https://www.atlassian.com/,productivity tool
2582,vungle.com,Vungle,https://vungle.com/,advertising
2583,homedepot.com,The Home Depot,https://www.homedepot.com/,first-party host
2584,homedepot-static.com,Home Depot,https://www.homedepot.com/,static server
2585,sunrise-sunset.org,Sunrise-Sunset.org,https://www.sunrise-sunset.org/,static server
2586,etsy.com,Etsy,www.etsy.com,e-commerce marketplace
2587,bnc.lt,Branch,https://branch.io/,CDN
2588,dwin1.com,Criteo,https://www.criteo.com/,advertising
2589,kissmetrics.com,Kissmetrics,https://kissmetrics.com/,analytics
2590,paessler.com,Paessler AG,https://www.paessler.com/,marketing
2591,hubspot.net,HubSpot,https://www.hubspot.com/,marketing
2592,amazon.sa,Amazon,www.amazon.com,e-commerce platform
2593,siol.net,TSmedia d.o.o.,https://www.tsmedia.si/en/,news website
2594,singular.net,Singular,https://www.singular.net/,advertising
2595,cartocdn.com,Carto,https://carto.com/,CDN
2596,dvrlists.com,DVRlists,https://dvrlists.com,static server
2597,yamaha.com,Yamaha Corporation,https://www.yamaha.com,first-party host
2598,telus.com,TELUS,https://www.telus.com/,first-party host
2599,axia.com,Axia,https://axia.com/,first-party host
2600,grouponcdn.com,Groupon,https://www.groupon.com/,CDN
2601,iinet.net.au,iiNet,https://www.iinet.net.au/,first-party host
2602,mynetname.net,MyNetName,https://www.mynetname.net/,DNS
2603,liquidtelecom.net,Liquid Telecom,https://liquidtelecom.com/,CDN
2604,s-onetag.com,Onetag,https://onetag.com,marketing
2605,tynt.com,Tynt,https://www.tynt.com/,tracking
2606,liadm.com,Liadm,https://www.liadm.com/,Marketing
2607,onaudience.com,OnAudience,https://www.onaudience.com/,marketing
2608,dtscdn.com,DataTorrent,https://datatorrent.com/,CDN
2609,riskified.com,Riskified,https://www.riskified.com/,marketing
2610,signifyd.com,Signifyd,https://www.signifyd.com/,Analytics
2611,itech.ru,ITECH,https://itech.ru/,first-party host
2612,mobisystems.com,MobiSystems,https://www.mobisystems.com/,First-party host
2613,zdnet.com,ZDNet,https://www.zdnet.com,Technology News and Analysis
2614,lifehacker.com,G/O Media,https://gizmodo.com/,marketing
2615,engadget.com,Engadget,https://www.engadget.com/,technology news and reviews
2616,feedly.com,Feedly,https://feedly.com/,RSS reader
2617,slashdot.org,Slashdot Media,https://slashdotmedia.com/,technology news and discussion forum
2618,gog.com,GOG,https://www.gog.com/,first-party host
2619,fedex.com,FedEx,https://www.fedex.com/,First-party host
2620,bbc.net.uk,British Broadcasting Corporation,https://www.bbc.com/,first-party host
2621,boardingarea.com,BoardingArea,https://boardingarea.com/,marketing
2622,cnode.io,Node.js Foundation,https://nodejs.org/en/foundation/,community forum
2623,escdn.co,EdgeCast Networks,https://www.verizondigitalmedia.com/,CDN
2624,titnked.net,LinkedIn,https://www.linkedin.com/,marketing
2625,usenet-crawler.com,Usenet-crawler,https://www.usenet-crawler.com/,first-party host
2626,google.co.za,Google,https://www.google.com/,first-party host
2627,b-cdn.net,StackPath,https://www.stackpath.com/,CDN
2628,streamable.com,Streamable,https://streamable.com/,CDN
2629,unimelb.edu.au,University of Melbourne,https://www.unimelb.edu.au/,first-party host
2630,nctu.edu.tw,National Chiao Tung University,https://www.nctu.edu.tw/en,first-party host
2631,wxug.com,The Weather Company,https://www.weather.com/,analytics
2632,huffpost.com,HuffPost,https://www.huffpost.com/,news and media website
2633,no-ip.com,No-IP,https://www.noip.com/,DNS
2634,pressablecdn.com,Pressable,https://pressable.com/,CDN
2635,campus-rv.net,Campus RV,https://campus-rv.net/,First-party host
2636,shopifycloud.com,Shopify,https://www.shopify.com/,CDN
2637,uptimerobot.com,Uptime Robot,https://uptimerobot.com/,monitoring and uptime tracking service
2638,launtel.net.au,Launtel,https://launtel.net.au/,Internet Service Provider
2639,commbank.com.au,Commonwealth Bank,https://www.commbank.com.au/,First-party host
2640,citymapper.com,Citymapper,https://citymapper.com/,first-party host
2641,splitwise.com,Splitwise,https://www.splitwise.com/,first-party host
2642,mchsi.com,Mediacom Communications Corporation,https://mediacomcable.com/,first-party host
2643,wargaming.net,Wargaming,https://www.wargaming.net/,first-party host
2644,kbronet.com.tw,"Kbro Co., Ltd.",https://www.kbro.com.tw/,first-party host
2645,home.ne.jp,NTT Communications,https://www.ntt.com/en/,first-party host
2646,telenor.se,Telenor,https://www.telenor.se/,first-party host
2647,la.net.ua,Lanet,https://lanet.ua/,First-party host
2648,digikabel.hu,Digi,https://www.digi.hu/,first-party host
2649,telekom.hu,Magyar Telekom,https://www.telekom.hu/,first-party host
2650,amplia.co.tt,Amplia Communications,https://www.amplia.co.tt/,first-party host
2651,privacy.network,Privacy.net,https://privacy.net/,DNS
2652,cloudmobi.net,CloudMobi,https://www.cloudmobi.net/,marketing
2653,libreelec.tv,LibreELEC,https://libreelec.tv/,static server
2654,envisacor.com,Envisa,https://www.envisa.com/,first-party host
2655,brivity.com,Brivity,https://www.brivity.com/,marketing
2656,hubapi.com,HubSpot,https://www.hubspot.com/,marketing
2657,hsadspixel.net,HubSpot,https://www.hubspot.com/,tracking
2658,hsleadflows.net,HubSpot,https://www.hubspot.com/,tracking
2659,netvigator.com,Netvigator,https://www.netvigator.com,DNS
2660,real-debrid.com,Real-Debrid,https://real-debrid.com/,CDN
2661,google.pt,Google,https://www.google.com,first-party host
2662,gismeteo.ru,Gismeteo,https://www.gismeteo.ru/,weather forecasting and reporting
2663,ladmedia.fr,LAD Media,http://www.ladmedia.fr/,marketing
2664,wonderpush.com,WonderPush,https://www.wonderpush.com/,marketing
2665,fonts.net,Monotype Imaging Inc.,https://www.monotype.com,CDN
2666,discourse-cdn.com,Discourse,https://www.discourse.org/,CDN
2667,ambientweather.net,Ambient Weather,https://www.ambientweather.com/,first-party host
2668,thetake.com,TheTake,https://thetake.com/,marketing
2669,shopifycdn.com,Shopify,https://www.shopify.com/,CDN
2670,stamped.io,Stamped.io,https://stamped.io/,marketing
2671,inet.fi,Elisa Oyj,https://elisa.fi/,DNS
2672,myicomfort.com,Lennox,https://www.lennox.com/,first-party host
2673,omegacdn.net,OmegaCDN,https://omegacdn.net,CDN
2674,psicdn.net,PsiQuantum,https://www.psiq.com/,CDN
2675,epson.net,Epson,https://www.epson.com/,first-party host
2676,express.co.uk,Reach plc,https://www.reachplc.com/,news and media
2677,b2c.com,,,
2678,torrenti.al,N/A,N/A,File sharing
2679,nuki.io,Nuki,https://nuki.io/,first-party host
2680,bldrdoc.gov,National Institute of Standards and Technology,https://www.nist.gov/,first-party host
2681,nuri.net,Nuri,https://nuri.net/,first-party host
2682,cmcore.com,Crimson Metrics,https://www.crimsonmetrics.com/,analytics
2683,akahost.net,AkaHost,https://akahost.net/,DNS
2684,whatbox.ca,Whatbox Inc.,https://whatbox.ca/,static server
2685,rapidssl.com,RapidSSL,https://www.rapidssl.com/,SSL certificate provider
2686,kalay.net.cn,Kalay,https://www.kalay.net.cn/,First-party host
2687,protonvpn.com,Proton Technologies AG,https://protonmail.com/,VPN Service Provider
2688,startpage.com,Startpage BV,https://www.startpage.com/,search engine
2689,apsalar.com,Apsalar,https://apsalar.com/,analytics
2690,latt.net,Lattice Semiconductor Corporation,https://www.latticesemi.com/,first-party host
2691,apple-studies.com,Apple,https://www.apple.com/,first-party host
2692,shelly.cloud,Allterco Robotics,https://allterco.com/,IoT device manufacturer website
2693,brightspace.com,D2L,https://www.d2l.com/,first-party host
2694,cambrium.nl,Cambrium,https://www.cambrium.nl/,static server
2695,t-online.de,Deutsche Telekom AG,https://www.telekom.com,first-party host
2696,azure-devices.net,Microsoft,https://www.microsoft.com,IoT platform for connecting and managing devices
2697,warthunder.com,Gaijin Entertainment,https://gaijinent.com/,first-party host
2698,macrumors.com,MacRumors,https://www.macrumors.com/,marketing
2699,ct.co.cr,,,
2700,laposte.net,La Poste,https://www.laposte.fr/,first-party host
2701,effectivemeasure.net,Effective Measure,https://www.effectivemeasure.com/,analytics
2702,myfox.io,Myfox,https://www.getmyfox.com/,first-party host
2703,cv.net,Indeed,https://indeed.com,job search and recruitment platform
2704,dowjoneson.com,,,
2705,9to5mac.com,9to5Mac,https://9to5mac.com,technology news and reviews
2706,volia.net,Volia,https://volia.com/,first-party host
2707,snap.net.nz,Snap Internet,https://www.snap.net.nz/,first-party host
2708,mytotalconnectcomfort.com,Honeywell,https://www.honeywell.com/,first-party host
2709,astar.mobi,Astar,https://www.astar.mobi/,DNS
2710,webredirect.org,WebRedirect,https://www.webredirect.org/,marketing
2711,caesar.bet,,,
2712,verisure.com,Verisure,https://www.verisure.com/,first-party host
2713,podbean.com,Podbean,https://www.podbean.com/,static server
2714,ip-94-23-201.eu,,,
2715,onthe.io,OnThe.io,https://www.onthe.io,CDN
2716,teksavvy.com,TekSavvy Solutions Inc.,https://www.teksavvy.com/,first-party host
2717,exetel.com.au,Exetel,https://www.exetel.com.au/,first-party host
2718,ziggo.nl,Ziggo,https://www.ziggo.nl/,first-party host
2719,planet.nl,KPN,https://www.kpn.com/,first-party host
2720,telfort.nl,Telfort,https://www.telfort.nl/,first-party host
2721,alshamil.net.ae,Al Shamil,https://www.alshamil.net.ae/,DNS
2722,kuzbass.net,Kuzbass.net,https://kuzbass.net/,first-party host
2723,mycomspan.com,MyComspan,https://www.mycomspan.com/,first-party host
2724,squirt.org,Pink Triangle Press,https://www.pinktriangle.org/,adult content
2725,gitlab.io,GitLab,https://about.gitlab.com/,static server
2726,dartsearch.net,Dartsearch,https://www.dartsearch.net/,search engine
2727,tinder.com,Tinder,https://www.gotinder.com/,first-party host
2728,myfairpoint.net,FairPoint Communications,https://www.fairpoint.com/,first-party host
2729,telldus.com,Telldus Technologies AB,https://telldus.com/,IoT device manufacturer website.
2730,service.gov.uk,Government Digital Service,https://www.gov.uk/government/organisations/government-digital-service,first-party host
2731,tenor.com,Tenor,https://tenor.com/,marketing
2732,fetchtv.com.au,Fetch TV,fetchtv.com.au,marketing
2733,cedexis.net,Cedexis,https://www.cedexis.com/,CDN
2734,libbyapp.com,"OverDrive, Inc.",https://company.overdrive.com/,first-party host
2735,sol.az,SOL,https://www.sol.az/,first-party host
2736,ebillsoft.net,eBillSoft,https://www.ebillsoft.net/,first-party host
2737,leaseweb.net,Leaseweb,https://www.leaseweb.com/,CDN
2738,kashra-server.com,,,
2739,virginmedia.com,Virgin Media,https://www.virginmedia.com/,first-party host
2740,v2cdn.net,Verizon Digital Media Services,https://www.verizondigitalmedia.com/,CDN
2741,orange.fr,Orange,https://www.orange.com/,first-party host
2742,samsungcloudprint.com,Samsung,https://www.samsung.com/,CDN
2743,familyds.com,Family Dental Services,https://www.familydentalservices.com/,first-party host
2744,ispyconnect.com,iSpyConnect,https://www.ispyconnect.com/,analytics
2745,huawei.com,Huawei Technologies Co. Ltd.,https://www.huawei.com,first-party host
2746,pvoutput.org,PVOutput,https://pvoutput.org/,analytics
2747,supercell.net,Supercell,https://supercell.com/,first-party host
2748,clashroyale.com,Supercell,https://supercell.com/,marketing
2749,coolkit.cn,Coolkit,https://www.coolkit.cn/,IoT device manufacturer website
2750,southwest.com,Southwest Airlines,https://www.southwest.com/,first-party host
2751,cisco.com,Cisco,https://www.cisco.com/,first-party host
2752,olark.com,Olark,https://www.olark.com/,live chat and customer engagement platform
2753,btguard.com,BTGuard,https://btguard.com,VPN service provider
2754,dyndns-ip.com,Dyn,https://dyn.com,DNS
2755,pushnami.com,Pushnami,https://pushnami.com/,marketing
2756,teliacarrier.com,Telia Carrier,https://www.teliacarrier.com/,CDN
2757,idevicesinc.com,"iDevices, LLC",https://idevicesinc.com/,first-party host
2758,dmdsdp.com,,,
2759,avm.de,AVM GmbH,https://avm.de/,first-party host
2760,unsplash.com,Unsplash,https://unsplash.com/,static server
2761,bgchprod.info,British Gas,https://www.britishgas.co.uk/,CDN
2762,insteon.com,Insteon,https://www.insteon.com/,first-party host
2763,rainforestautomation.com,Rainforest Automation,https://rainforestautomation.com/,first-party host
2764,sonarr.tv,Sonarr,https://sonarr.tv/,first-party host
2765,cablesurf.de,CableSurf GmbH,https://www.cablesurf.de/,first-party host
2766,magichue.net,Magic Home,https://www.magiclightbulbs.com/,first-party host
2767,bang-olufsen.com,Bang & Olufsen,https://www.bang-olufsen.com/,first-party host
2768,reliablehosting.com,Reliable Hosting,https://www.reliablehosting.com/,static server
2769,strongconnectivity.com,StrongConnectivity,https://www.strongconnectivity.com/,first-party host
2770,wirelesscar.net,WirelessCar,https://www.wirelesscar.com/,first-party host
2771,ubc.ca,The University of British Columbia,https://www.ubc.ca/,first-party host
2772,plus.net,Plusnet,www.plus.net,first-party host
2773,riksnet.se,Riksnet AB,https://www.riksnet.se/,first-party host
2774,vtuner.com,vTuner,https://www.vtuner.com/,first-party host
2775,cpx.to,CPX Interactive,https://www.cpxi.com/,advertising
2776,isc.org,Internet Systems Consortium,https://www.isc.org/,DNS
2777,shalltry.com,Shalltry Group,https://www.shalltry.com/,first-party host
2778,livejasmin.com,LiveJasmin,https://www.livejasmin.com/,adult entertainment
2779,xnxx-cdn.com,xnxx,https://www.xnxx.com/,CDN
2780,xnxx.com,,,
2781,exosrv.com,ExoClick,https://www.exoclick.com/,advertising
2782,exoclick.com,ExoClick,https://www.exoclick.com/,advertising
2783,kunlunca.com,,,
2784,mozgcp.net,Mozilla,https://www.mozilla.org/,CDN
2785,pinterest.co.uk,Pinterest,https://www.pinterest.com/,marketing
2786,connatix.com,Connatix,https://connatix.com/,advertising
2787,tubemogul.com,TubeMogul,tubemogul.com,advertising
2788,dianomi.com,Dianomi,https://www.dianomi.com/,marketing
2789,moengage.com,MoEngage,https://www.moengage.com/,marketing
2790,wuwuquj.com,,,
2791,n1272adserv.xyz,Unknown,,Advertising
2792,cintnetworks.com,Cint,https://www.cint.com/,Analytics
2793,visualwebsiteoptimizer.com,Visual Website Optimizer,https://vwo.com/,marketing
2794,rdtcdn.com,Red Hat,https://www.redhat.com/,CDN
2795,overcast.fm,Overcast,https://overcast.fm/,first-party host
2796,wavecable.com,Wave Broadband,https://www.wavebroadband.com/,first-party host
2797,nrc.ca,National Research Council Canada,https://nrc.canada.ca/en,first-party host
2798,contentful.com,Contentful,https://www.contentful.com/,CMS Platform for Content Management and Delivery
2799,nynex.de,Deutsche Telekom,https://www.telekom.com/,first-party host
2800,adj.st,,,
2801,liftoff.io,Liftoff,https://liftoff.io/,marketing
2802,immobilienscout24.de,ImmobilienScout24,https://www.immobilienscout24.de/,real estate marketplace
2803,ntt.net,NTT Communications,https://www.ntt.com/,CDN
2804,gravityrd-services.com,GravityRD,https://www.gravityrd.com/,CDN
2805,upm.es,Universidad Politécnica de Madrid,https://www.upm.es/,first-party host
2806,worldation.com,Worldation,https://worldation.com/,marketing
2807,nike.com,Nike,https://www.nike.com/,first-party host
2808,6sc.co,6Sense,https://6sense.com/,marketing
2809,bloomberg.com,Bloomberg L.P.,https://www.bloomberg.com/,news and financial information
2810,us.to,,,
2811,cloudflareclient.com,"Cloudflare, Inc.",https://www.cloudflare.com/,CDN
2812,zaonce.net,Frontier Developments,https://www.frontier.co.uk/,first-party host
2813,mitene.us,Mitene,https://www.mitene.us/,first-party host
2814,intentiq.com,Intentiq,https://intentiq.com/,marketing
2815,abc7news.com,ABC Broadcasting Corporation,https://abc.com/,news website
2816,amazon.dev,Amazon,https://www.amazon.com/,first-party host
2817,spotifycdn.com,Spotify,https://www.spotify.com/,CDN
2818,newsy.com,Newsy,https://www.newsy.com/,news and media website
2819,aws.dev,Amazon Web Services,https://aws.amazon.com/,first-party host
2820,ubembed.com,uBEmbed,https://ubembed.com/,CDN
2821,privacy-mgmt.com,OneTrust LLC,https://www.onetrust.com/,privacy management and compliance
2822,infojobs.com,InfoJobs,https://www.infojobs.net/,job search platform
2823,divx.com,"DivX, LLC",https://www.divx.com/,marketing
2824,vonage.net,Vonage,https://www.vonage.com/,first-party host
2825,sharethru.com,Sharethrough,https://www.sharethrough.com/,advertising
2826,acexedge.com,Acexedge,https://www.acexedge.com/,CDN
2827,kazfv.com,,,
2828,ecorebates.com,EcoRebates,https://ecorebates.com/,marketing
2829,science-a2z.com,Science A to Z,https://www.science-a2z.com/,education and general science content
2830,jampp.com,Jampp,https://jampp.com/,advertising
2831,dailymirror.lk,Wijeya Newspapers Ltd.,http://www.wijeyanewspapers.lk/,first-party host
2832,unity-media.net,Unitymedia GmbH,https://www.unitymedia.de/,first-party host
2833,awsapps.com,Amazon Web Services,https://aws.amazon.com/,first-party host
2834,joyn.de,Joyn GmbH,https://www.joyn.de/,first-party host
2835,netvision.net.il,NetVision,https://www.netvision.net.il/,DNS
2836,162.in-addr.arpa,,,DNS
2837,149.in-addr.arpa,,,
2838,steamcontent.com,Valve Corporation,https://www.valvesoftware.com/,CDN
2839,acrobat.com,Adobe Systems,https://www.adobe.com/,"cloud document management and sharing platform, with additional services such as document signing, PDF creation, and more"
2840,ad-delivery.net,DoubleClick,https://www.doubleclickbygoogle.com/,advertising
2841,emogi.com,Emogi,https://emogi.com/,marketing
2842,si.com,Sports Illustrated,https://www.si.com/,first-party host
2843,adtechus.com,Adtechus,https://www.adtechus.com,advertising
2844,meetu.ps,Meetup,https://www.meetup.com/,first-party host
2845,echostarcdn.com,EchoStar Corporation,https://www.echostar.com/,CDN
2846,sailinglabapps.com,Sailing Lab,https://sailinglab.com/,first-party host
2847,nielsendigital.net,Nielsen Digital,https://www.nielsen.com/,analytics
2848,pointmediatracker.com,PointMediaTracker,https://pointmediatracker.com/,tracking
2849,lifesizecloud.com,Lifesize,https://www.lifesize.com/,video conferencing platform
2850,dotomi.com,Dotomi,https://www.dotomi.com/,advertising
2851,ieee.org,IEEE,https://www.ieee.org/,first-party host
2852,tinyco.com,TinyCo,https://www.tinyco.com/,first-party host
2853,tryinvision.com,InVision,https://www.invisionapp.com/,marketing
2854,whio.com,Cox Media Group,https://www.coxmediagroup.com/,first-party host
2855,activemetering.com,Active Metering,https://activemetering.com/,marketing
2856,cardgamespidersolitaire.com,MobilityWare,https://www.mobilityware.com/,first-party host
2857,nbcuni.com,NBCUniversal,https://www.nbcuniversal.com/,first-party host
2858,xcal.tv,,,
2859,peacocktv.com,Peacock TV,https://www.peacocktv.com/,first-party host
2860,auspost.com.au,Australia Post,https://auspost.com.au/,first-party host
2861,celtra-test.com,Celtra,https://www.celtra.com/,marketing
2862,airtv.net,AirTV,https://www.airtv.net/,CDN
2863,ardmediathek.de,ARD,https://www.ard.de/,first-party host
2864,lci.fr,La Chaîne Info (LCI),https://www.lci.fr/,News website
2865,minecraft.net,Mojang Studios,https://www.mojang.com/,first-party host
2866,zdassets.com,ZDNet,https://www.zdnet.com/,CDN
2867,cubecraft.net,CubeCraft Games,https://www.cubecraft.net/,first-party host
2868,hivebedrock.network,Hive Bedrock,https://hivebedrock.network/,first-party host
2869,lbsg.net,Lifeboat Network,https://lbsg.net/,gaming server
2870,inpvp.net,,,
2871,mineplex.com,Mineplex,https://www.mineplex.com/,first-party host
2872,klarnaservices.com,Klarna,https://www.klarna.com,CDN
2873,jamloop.com,Jamloop,https://www.jamloop.com/,marketing
2874,uktvapi.co.uk,UKTV Interactive Limited,https://corporate.uktv.co.uk/,API for accessing UKTV content
2875,atomtickets.com,Atom Tickets,https://www.atomtickets.com/,marketing
2876,virtru.com,Virtru Corporation,https://www.virtru.com/,marketing
2877,wt-eu02.net,Webtrekk,https://www.webtrekk.com,tracking
2878,cloudns.asia,CloudNS,https://www.cloudns.asia/,DNS
2879,meredithcorp.io,Meredith Corporation,https://www.meredith.com/,CDN
2880,cnbc.com,CNBC,https://www.cnbc.com/,news and media
2881,cnbcfm.com,CNBC,https://www.cnbc.com/,marketing
2882,oceandraw.com,OceanDraw,https://oceandraw.com/,static server
2883,sctv.ch,,,
2884,cloudnow.gg,,,
2885,mb3admin.com,Media Browser,https://www.mediabrowser.tv/,first-party host
2886,1234pro.xyz,1234pro,https://1234pro.xyz/,first-party host
2887,kataweb.it,Gruppo Editoriale L'Espresso S.p.A.,https://www.gruppoespresso.it/en/,news and media website
2888,trustedform.com,ActiveProspect,https://activeprospect.com/,tracking
2889,t-2.net,Amazon,https://aws.amazon.com/,CDN
2890,tiktok.com,TikTok,https://www.tiktok.com/,marketing
2891,berkeley.edu,"University of California, Berkeley",https://www.berkeley.edu/,first-party host
2892,cyberghostvpn.com,CyberGhost VPN,https://www.cyberghostvpn.com/,VPN service provider
2893,wistia.net,Wistia,https://wistia.com/,video hosting and analytics
2894,bluemix.net,IBM,https://www.ibm.com/,CDN
2895,dslavangard.ru,DSL Avangard,https://www.dslavangard.ru/,first-party host
2896,secureserver.net,GoDaddy,https://www.godaddy.com/,CDN
2897,jst586.com,,,
2898,xueshine.com,Xueshine,https://xueshine.com/,Education platform
2899,rzhengdeli.cn,Rzhengdeli,http://www.rzhengdeli.cn/,First-party host
2900,97ygo.com,,,
2901,sywm04.top,Unknown,,Unknown - This domain does not have any clear purpose or affiliation with a known company.
2902,admob.com,AdMob,https://admob.google.com/,advertising
2903,linkplay.com,Linkplay,https://www.linkplay.com/,IoT platform provider
2904,playfirst.com,PlayFirst,https://www.playfirst.com/,first-party host
2905,arsmarttv.com,Samsung,https://www.samsung.com/,marketing
2906,alarmnet.com,Honeywell International Inc.,https://www.honeywell.com/,IoT device management platform
2907,christmas-solitaire.com,Christmas Solitaire,https://christmas-solitaire.com/,first-party host
2908,interoute.net,Interoute Communications Ltd,https://www.interoute.com/,CDN
2909,noris.net,noris network AG,https://www.noris.de/,static server
2910,sigmacdn.net,Sigma CDN,https://www.sigmacdn.com/,CDN
2911,seagate.com,Seagate Technology,https://www.seagate.com,First-party host
2912,cardgamefreecell.com,MobilityWare,https://www.mobilityware.com/,first-party host
2913,61-tataidc.co.in,Tata Communications,https://www.tatacommunications.com/,CDN
2914,ip-51-38-51.eu,,,
2915,niqturbo.net.br,,,
2916,reddirtproxies.io,Red Dirt Proxies,https://reddirtproxies.io,proxy provider website
2917,ethz.ch,ETH Zurich,https://ethz.ch/,first-party host
2918,fastproxy.live,FastProxy,https://www.fastproxy.com/,Proxy server
2919,hetzner.de,Hetzner Online GmbH,https://www.hetzner.com/,static server
2920,pinterest.ca,Pinterest,https://www.pinterest.com/,marketing
2921,shaw.ca,Shaw Communications Inc.,https://www.shaw.ca/,first-party host
2922,kabel-deutschland.de,Vodafone GmbH,https://www.vodafone.de/,static server
2923,sonos.radio,Sonos,https://www.sonos.com/,first-party host
2924,mucdn.net,MaxCDN,https://www.maxcdn.com/,CDN
2925,spotim.market,Spot.IM,https://spot.im/,marketing
2926,streamrail.com,StreamRail,https://streamrail.com/,advertising
2927,rtb-seller.com,RTB Seller,https://rtb-seller.com,advertising
2928,zorosrv.com,Zoro,https://www.zoro.com/,CDN
2929,shopifysvc.com,Shopify,https://www.shopify.com/,CDN
2930,yotpo.com,Yotpo,https://www.yotpo.com/,marketing
2931,popularmechanics.com,"Hearst Communications, Inc.",https://www.hearst.com/,marketing
2932,unoadsrv.com,Undertone,http://www.undertone.com/,advertising
2933,yellowblue.io,Yellowblue,https://yellowblue.io/,first-party host
2934,cable.net.co,Telefónica Colombia,https://www.telefonica.com.co/,First-party host
2935,megared.net.mx,Megared,https://www.megared.com.mx/,first-party host
2936,exede.net,Viasat,https://www.viasat.com/,Internet Service Provider (ISP)
2937,telnor.net,Telnor,https://www.telnor.com/,DNS
2938,sandcats.io,Simply Secure,https://simplysecure.org,DNS
2939,machlink.com,MachLink,https://www.machlink.com/,first-party host
2940,planeta.dn.ua,Planeta DN,https://planeta.dn.ua/,first-party host
2941,tcheturbo.net.br,Tche Turbo,https://www.tcheturbo.com.br/,static server
2942,darpanet.org,Defense Advanced Research Projects Agency,https://www.darpa.mil/,first-party host
2943,monkeybrains.net,Monkeybrains,https://www.monkeybrains.net/,DNS
2944,sasknet.sk.ca,SaskTel,https://www.sasktel.com/,first-party host
2945,xipline.com,Xipline,https://www.xipline.com/,marketing
2946,vivintwireless.net,Vivint,https://www.vivint.com/,CDN
2947,poka.com,Poka,https://poka.io/,First-party host
2948,cbvnol.com,,,
2949,conwaycorp.net,Conway Corporation,https://www.conwaycorp.com/,first-party host
2950,comsouth.net,ComSouth,https://www.comsouth.net/,first-party host
2951,plateautel.net,Plateau,https://plateautel.com/,first-party host
2952,bigbend.net,Big Bend Telephone Company,https://bigbend.net/,first-party host
2953,iwantwireless.ca,I Want Wireless,https://www.iwantwireless.ca/,first-party host
2954,yucca.net,Yucca Group,https://www.yuccagroup.com/,first-party host
2955,nbcnews.com,NBCUniversal,https://www.nbcuniversal.com/,news and media
2956,aetnd.com,,,
2957,hopto.org,"HopTo, Inc.",https://www.hopto.com/,first-party host
2958,btcentralplus.com,BT,https://www.bt.com/,CDN
2959,virtua.com.br,Virtua,https://www.virtua.com.br/,first-party host
2960,viettel.vn,Viettel Group,https://viettel.com.vn/,first-party host
2961,cstorm.is,,,
2962,surfer.at,,,
2963,sparkbb.co.nz,Spark New Zealand,https://www.spark.co.nz/,First-party host
2964,myddns.rocks,myddns,https://www.myddns.rocks/,DNS
2965,net1.bg,Net1,https://net1.bg/,First-party host
2966,dnlab.ru,DNLab,https://dnlab.ru/,first-party host
2967,sailinternet.net,Sail Internet,https://www.sailinternet.com/,first-party host
2968,atlanticbb.net,Atlantic Broadband,https://atlanticbb.com/,Internet Service Provider (ISP) and first-party host
2969,embarqhsd.net,Embarq Corporation,https://en.wikipedia.org/wiki/Embarq,DNS
2970,cgocable.ca,Cogeco Communications Inc.,https://www.cogeco.ca,First-party host
2971,ftc-i.net,FTC,https://www.ftc.go.kr/,CDN
2972,intrstar.net,Intrstar Technologies,https://www.intrstar.net/,CDN
2973,logantele.com,Logan Teleflex Inc.,https://www.logantele.com/,first-party host
2974,duo-county.com,Duo County Telecom,https://www.duo-county.com/,first-party host
2975,rockstargames.com,Rockstar Games,https://www.rockstargames.com/,first-party host
2976,premieronline.net,Premier Online,https://www.premieronline.net/,first-party host
2977,tdc.net,TDC Group,https://www.tdcgroup.com/,first-party host
2978,zhong-ren.net,,,
2979,group-ib.ru,Group-IB,https://www.group-ib.ru,first-party host
2980,threembb.co.uk,Three UK,https://www.three.co.uk/,first-party host
2981,dodo.net.au,Dodo,https://www.dodo.net.au/,first-party host
2982,softether.net,SoftEther Corporation,https://www.softether.co.jp/,VPN software provider
2983,ligtel.com,Ligtel Communications,https://www.ligtel.com/,first-party host
2984,antik.sk,Antik Telecom,https://www.antik.sk/,first-party host
2985,torlock.com,Torlock,https://www.torlock.com/,torrent search engine
2986,ipapi.co,ipapi,https://ipapi.co/,analytics
2987,magic-heaven.info,Unknown,,Unknown
2988,notifiarr.com,Notifiarr,https://notifiarr.com/,marketing
2989,opensubtitles.org,OpenSubtitles,https://www.opensubtitles.org/,first-party host
2990,jeded.com,,,
2991,servarr.com,Servarr LLC,https://servarr.com/,first-party host
2992,hosted-by-rootlayer.net,Rootlayer,https://www.rootlayer.net/,static server
2993,torrentgalaxy.to,TorrentGalaxy,https://torrentgalaxy.to,first-party host
2994,silhcdn.com,Siliconhouse.net Pvt Ltd,https://www.siliconhouse.net/,CDN
2995,yts.mx,YIFY/YTS,https://yts.mx/,movie torrent download site
2996,wgplayer.xyz,Unknown,N/A,Video player software
2997,okta.com,Okta,https://www.okta.com/,first-party host
2998,librivox.org,LibriVox,https://librivox.org/,static server
2999,chello.pl,,,
