,company
Unknown,92
Google,67
Microsoft Corporation,46
Amazon,44
Microsoft,25
Samsung,24
Adobe,17
Akamai Technologies,17
Facebook,16
Apple Inc.,15
HubSpot,10
"Amazon.com, Inc.",10
Internet Assigned Numbers Authority (IANA),10
Netflix,9
Salesforce,8
Amazon Web Services,7
OVH SAS,7
Valve Corporation,6
Alibaba Group,6
AT&T,6
Airbnb,6
ByteDance,6
Logitech,6
LG Electronics,6
The Trade Desk,6
Twitter,5
Yelp,5
Shopify,5
IBM,5
JW Player,5
"Cloudflare, Inc.",5
BBC,5
OVH,5
Oracle,5
Reddit,5
Pinterest,5
Charter Communications,4
OVH Hosting,4
Supercell,4
Wix,4
Lenovo,4
Meredith Corporation,4
Cisco,4
Tealium,4
Dropbox,4
Automattic,4
Cedexis,4
Atlassian,4
HBO,4
Hetzner Online GmbH,4
AppNexus,4
Symantec Corporation,4
Cloudflare,4
Zendesk,3
Plex,3
Heroku,3
CenturyLink,3
GitHub,3
Oracle Corporation,3
"NBCUniversal Media, LLC",3
unknown,3
TP-Link,3
Sentry,3
Adobe Systems,3
Criteo,3
Bose Corporation,3
NTT Communications,3
Telegram,3
KPN,3
"Twitch Interactive, Inc.",3
Virgin Media,3
Nintendo,3
Dow Jones & Company,3
Dyn,3
Mozilla Corporation,3
Electronic Arts Inc.,3
Highwinds Network Group,3
Linode,3
Verizon Media,3
NordVPN,3
Contabo GmbH,3
CBS Interactive Inc.,3
Fastly,3
eBay,3
Intuit Inc.,3
Amcrest,3
Yandex,3
Snap Inc.,3
No-IP,3
StreamGuys,3
Canonical Ltd.,3
1&1 IONOS,3
Discord Inc.,3
NVIDIA,3
Malwarebytes,3
Tencent,3
CNN,3
Braze,3
Mailchimp,3
"Slack Technologies, Inc.",3
Sony,3
HP Inc.,3
Verizon,3
ESPN,3
Capital One,3
The Weather Company,3
CBS Interactive,3
GoDaddy,3
Vonage,3
Sony Interactive Entertainment LLC,3
Grammarly,3
Stocard,2
Webtrends,2
Twilio,2
Siteimprove,2
Arc Publishing,2
New Relic,2
The Washington Post,2
Adobe Inc.,2
CNBC,2
Orange,2
DISH Network,2
Marketo,2
TF1 Group,2
Shaw Communications Inc.,2
Hikvision,2
SoundCloud,2
Princeton University,2
D-Link Corporation,2
Sony Corporation,2
Nielsen,2
Optus,2
Fing Limited,2
Roblox Corporation,2
1Password,2
The New York Times Company,2
"Trustwave Holdings, Inc.",2
Giraffic,2
BT Group plc,2
Turner Broadcasting System,2
9c9 Media,2
MaxCDN,2
jQuery Foundation,2
Ookla,2
Ubiquiti Networks,2
D2L Corporation,2
Nextdoor,2
Pocket,2
Drift,2
KeyCDN,2
Neustar,2
GlobalSign,2
GroundTruth,2
Discord,2
Philips,2
1&1 Mail & Media GmbH,2
Chamberlain Group,2
TiVo Corporation,2
Nabu Casa,2
Bell Canada,2
Vimeo,2
Showtime Networks Inc.,2
Fox Corporation,2
Avast,2
Ghostery,2
"Dynu Systems, Inc.",2
BroadLink,2
AVM GmbH,2
"BitTorrent, Inc.",2
Comodo CA,2
AdGear,2
Afilias Limited,2
Leadpages,2
Internet Corporation for Assigned Names and Numbers (ICANN),2
GumGum,2
AppsFlyer,2
Python Software Foundation,2
Verizon Wireless,2
Bloomberg L.P.,2
DoubleClick,2
Dailymotion,2
Panasonic,2
Getty Images,2
Freshworks,2
Intel Corporation,2
Telenor,2
Wistia,2
"Stack Exchange, Inc.",2
Free,2
Synology Inc.,2
Segment,2
Proton Technologies AG,2
Alibaba Cloud,2
Swisscom,2
"Arlo Technologies, Inc.",2
CBS Corporation,2
Intercom,2
Hotspot Shield,2
Obihai Technology,2
Mozilla Foundation,2
"Turner Broadcasting System, Inc.",2
StreamRail,2
Celtra Inc.,2
Sizmek,2
Zen Internet,2
Chartbeat,2
F-Secure,2
Telenet,2
Netatmo,2
Viafoura,2
NTT Communications Corporation,2
IMDb,2
Dynata,2
EchoStar Corporation,2
ExoClick,2
SpotX,2
Box Inc.,2
Tapjoy,2
"Akamai Technologies, Inc.",2
Grafana Labs,2
Mixpanel,2
"Amazon Web Services, Inc.",2
Sharethrough,2
Quantcast Corporation,2
OneTrust,2
AOL,2
ViacomCBS,2
"StackPath, LLC",2
Spotify,2
Ziggo,2
MyRepublic,2
National Oceanic and Atmospheric Administration (NOAA),2
MGO,2
Telefónica,2
GitLab,2
Bouygues Telecom,2
Supersonic,2
LIFX,2
Cablevisión,2
LinkedIn Corporation,2
Yahoo!,2
Withings,2
Sophos,2
AppDynamics,2
Luminati Networks,2
Vodafone Group Plc,2
Foxtel,2
Branch,2
Disney,2
Beltelecom,2
Mega Limited,2
Yottaa,2
Autodesk,2
Opera Software AS,2
Cogeco Communications Inc.,2
"Gannett Co., Inc.",2
Piriform,2
Verizon Communications Inc.,2
Verizon Digital Media Services,2
CDN77,2
ExpressVPN,2
Xiaomi Corporation,2
Wijeya Newspapers Ltd.,2
Xiaomi,2
Linksys,2
Spot.IM,2
Sonos,2
PayPal,2
InMobi,2
Contentful,2
Ligatus,2
FOSCAM,2
PubNub,2
Samba TV,2
TVSquared,2
StackPath,2
Telstra Corporation Limited,2
Walmart,2
Dish Network,2
Embedly,2
TrustArc,2
Omny Studio,2
VMware,2
Canal+,2
ARD,2
Magyar Telekom,2
EZTV,2
Deutsche Telekom AG,2
Epson,2
Pusher,2
"Dropbox, Inc.",2
Limelight Networks,2
Group-IB,2
Synology,2
Branch Metrics,2
Hybrid.ai,1
NTV News Limited,1
MetaQuotes Software Corp.,1
Your.org,1
Go2mobi,1
Hearst Corporation,1
Dedyn.io,1
Jon.cz,1
Gemnet,1
Digital Video Technology Private Limited,1
Business Insider,1
Foursquare,1
Tele2,1
Gigya,1
Start Communications,1
"Slacker, Inc.",1
MGID,1
Appsee,1
Mixmarket,1
Tesla Motors,1
Contobox,1
Logentries,1
Distil Networks,1
MyShopApps,1
Fandom,1
Axis Communications,1
Superhuman,1
Digital Guardian,1
"The Tor Project, Inc.",1
Wordplays,1
AirPR,1
Sailthru,1
Venmo,1
Delta Air Lines,1
Unbounce,1
Consumer Reports,1
"Fandom, Inc.",1
Proofpoint,1
Inbake,1
Wootric,1
Home Assured Now,1
MTG API,1
"Particle Industries, Inc.",1
UbiaNet,1
Telemach,1
Particle,1
Jump Desktop Inc,1
Y Combinator,1
Western Digital Corporation,1
"Strava, Inc.",1
"RCN Telecom Services, LLC",1
Molotov TV,1
Pearson,1
Ezoic,1
Online Metrix,1
"BGR Media, LLC",1
The Home Depot,1
ONO,1
Geeknet Media,1
WonderPush,1
Ladmedia,1
GISMETEO,1
Real-Debrid,1
Netvigator,1
Brivity Inc.,1
Envisacor,1
LibreELEC,1
Privacy.net,1
Amplia Communications,1
UPC Hungary,1
Internet Invest Ltd.,1
Telenor Group,1
"Kbro Co., Ltd.",1
Wargaming,1
Mediacom Communications Corporation,1
Splitwise,1
Citymapper,1
Commonwealth Bank,1
Launtel,1
Uptime Robot,1
Pressable,1
HuffPost,1
National Chiao Tung University,1
The University of Melbourne,1
Streamable,1
Usenet Crawler,1
CNode,1
BoardingArea,1
Monotype Imaging Inc.,1
Ambient Weather,1
"TheTake, Inc.",1
Cambrium B.V.,1
Verisure,1
Caesar's Entertainment Corporation,1
Web Redirect,1
Honeywell,1
Volia,1
9to5Mac,1
CV Network,1
Myfox SAS,1
Effective Measure,1
La Poste,1
Acotel Group,1
MacRumors,1
Gaijin Entertainment,1
Shelly Cloud,1
Stamped.io,1
Lattis Networks,1
Apsalar,1
System1,1
RapidSSL,1
Whatbox Inc,1
AKA Server,1
CMCORE,1
Nuri,1
National Institute of Standards and Technology (NIST),1
Nuki,1
Reach plc,1
PsiQuantum,1
Omega Network Solutions,1
FedEx Corporation,1
Feedly,1
Jazztel,1
G/O Media,1
GeoTrust,1
Amung.us,1
AdsCore,1
eQ-3 AG,1
ifood.tv,1
RetailMeNot,1
PushEngage,1
SmartOcto,1
Cxense,1
JustPremium,1
"Sovrn Holdings, Inc.",1
Pentos AG,1
Persgroep,1
Debian,1
Muscache,1
Backplane,1
RIPE Network Coordination Centre,1
GotDNS.ch,1
Switchnap,1
"University of California, Irvine",1
Squeeze Community,1
A Medium Corporation,1
VTR,1
Conductrics,1
Canon,1
"Evolve Web Hosting, LLC",1
ADSLplus,1
Lynet Internett AS,1
Bezeq International,1
Garmin Ltd.,1
WorldStream B.V.,1
Emby,1
Axia Technologies,1
ZDNet,1
Mobisystems,1
ITech,1
Signifyd,1
Riskified,1
DataTorrent,1
OnAudience,1
Liadm,1
"7 Degrees, Inc.",1
OneTag,1
Liquid Telecom,1
iiNet,1
Groupon,1
TELUS,1
Planeta.tc,1
Yamaha,1
CARTO,1
Singular,1
Kissmetrics,1
Etsy,1
Sunrise Sunset,1
Antel,1
"The Home Depot, Inc.",1
Vungle,1
Jamf,1
lovestv.es,1
igexin,1
"Xiamen EVERSEC Information Technology Co., Ltd.",1
ETB,1
DevShift,1
TP S.A.,1
EtaPA,1
DMXLEO,1
BMO Financial Group,1
LiveSegmentService,1
ACT Fibernet,1
Telefônica Brasil,1
WIPOWER,1
IMS Business,1
Aptible,1
MaisNet,1
Nastech Ltd.,1
dg-w,1
Customer Engagement Center,1
Datapacket,1
PlayFab,1
Opera Software,1
Bank of America,1
Comunitel Global S.A.U.,1
XNET SRL,1
"LogMeIn, Inc.",1
Expertcity,1
Foxit Corporation,1
Corus,1
Corus Entertainment,1
INSTAR,1
Rovi Corporation,1
Irdeto,1
"OneTrust, LLC",1
Umbrella Corporation,1
Craigslist,1
Klaviyo,1
Trend Micro,1
Ryanair,1
INQ,1
UserZoom Technologies Inc.,1
UPS,1
AlphaCDN,1
"Ellie Mae, Inc.",1
Alarm.com,1
DeviceTask,1
Openload,1
AT Internet,1
freenet AG,1
EZVIZ Inc.,1
Zmodo,1
Inneractive,1
Reson8,1
Vilynx,1
MakeUseOf,1
E2RO,1
RAI (Radiotelevisione italiana S.p.A.),1
Me.me,1
Squarespace,1
Mopidy,1
US Geological Survey,1
PPPoE.ca,1
OpeCloud,1
Perfect Market,1
xkcd,1
Serverprofis GmbH,1
SPD MGTS,1
TTNET A.Ş.,1
LQM Technologies Inc.,1
Adform,1
Histats,1
Unica Corporation,1
BilSyndication,1
ImgBox,1
Verisign Inc.,1
Clipperoint,1
Athom,1
SafeBee,1
Ignorelist,1
Clmbtech,1
SSSNET Inc.,1
Mixer,1
AudioEye,1
HighWeb Media,1
SaleCycle,1
Readdle,1
2i3 Corporation,1
Dell Inc.,1
Amcrest Technologies LLC,1
American Registry for Internet Numbers (ARIN),1
IDrive Inc.,1
ibackup,1
Solitaire Games,1
AXS,1
Hola Networks Ltd.,1
BFMIO,1
Luminati,1
Answers Corporation,1
Worx,1
Jivox,1
CloudLinks,1
Media Lab AI,1
Videoplaza AB,1
AB Tasty,1
Tableau,1
China National Time Service Center,1
WO Cloud,1
Leaseweb,1
Auvik Networks Inc.,1
APNIC Pty Ltd,1
Erica's Home,1
AvistaZ,1
ICN,1
Nuance Communications,1
Yieldbot,1
"SmartNews, Inc.",1
Movies Anywhere,1
QuickConnect,1
Caiway,1
MTS,1
Premiumize.me,1
WellHosted,1
Steadfast,1
Lazer Penguin,1
Zooqle,1
Hypixel Studios,1
Syncthing,1
DedicatedPanel,1
Untappd LLC,1
Sensibo,1
InfluxData,1
MAAS Global,1
"IGN Entertainment, Inc.",1
TNS Group International,1
Accedo,1
NRK,1
ReadCube,1
Altice USA,1
GetYourGuide,1
MyHomeScreen.tv,1
NGINX,1
VeSync,1
NZBGeek,1
Krypt,1
Roksit,1
eDigitalResearch,1
Chirp Books,1
GPsonExtra,1
Vodafone Group,1
XtraCloud,1
Buchholz Digital,1
Sift Science,1
Ziff Davis,1
Edstem,1
ContentABC,1
Drobo,1
Juicer,1
P2E,1
USS HealthCare,1
SunPower Corporation,1
Elizabeth Warren,1
PageKite,1
Baqend,1
"ELTA Technology Co., Ltd.",1
AllTrails,1
Surfshark Ltd.,1
Quantum Metric,1
Zentrick,1
Wootrix,1
Autofi,1
dlvr.it,1
HGTV,1
KAS Labs,1
Suan Sunandha Rajabhat University,1
Web4Net,1
Frontier Networks,1
OnThe.io,1
Rakuten Advertising,1
Spotad,1
Bitly,1
SecuTech Solutions Inc.,1
Le Monde,1
Unruly Media,1
Xplornet Communications Inc.,1
Beachfront Media,1
Schoology,1
"Uber Technologies, Inc.",1
Latch,1
Raumfeld,1
Teads,1
"Dahua Technology Co., Ltd.",1
Telia Company AB,1
DNSnode,1
MyIPHost,1
FreeDNS,1
Fastweb S.p.A.,1
Vodafone Portugal,1
Vodafone Iceland,1
Alikunlun,1
AutoNavi Software Co. Ltd,1
University of Science and Technology of China,1
Basic Attention Token,1
iVAS,1
BugHerd,1
Ogury Ltd.,1
Ljusnet AB,1
Puregig,1
Sole Technology,1
Vivaldi Technologies AS,1
Foxneo Digital,1
Airtel,1
Chartboost,1
MyNet S.r.l.,1
CKT.net,1
Cluep Inc.,1
tawk.to,1
Control4,1
ADT,1
Fyusion,1
ABCD Network,1
Servebid,1
Afterpay,1
Auth0,1
Snopes Media Group,1
17track,1
Queue-it,1
Aeris,1
Artlogic,1
Tru Optik,1
MacPaw,1
ShortPixel,1
Popin Limited,1
Blokada,1
"Shenzhen VStarcam Technology Co., Ltd.",1
Postman,1
GotoMeeting,1
GCore Labs,1
Panda Security,1
Scarab Research,1
Cloud-XIP,1
cphub.net,1
DirectWebhost,1
WirelessInfo,1
LogMeIn Inc.,1
DSCLOUD,1
Fibia Net,1
Poly,1
Condé Nast,1
M2 AI,1
Baidu,1
Psychz Networks,1
Night Owl Security,1
NextRadioTV,1
Leboncoin,1
Schibsted,1
Avis Vérifiés,1
Algolia,1
wikiHow,1
UseMessages,1
NetTV Services,1
"OVH Hosting, Inc.",1
Zeasn,1
TagCommander,1
Newegg Inc.,1
Kaspersky Lab,1
Kaspersky,1
Rachio,1
Coinbase,1
Qualaroo,1
"Ellation, LLC",1
Nanorep,1
ODAC,1
Nanoleaf,1
Overkiz,1
Healthgrades,1
Trustpilot,1
Marketing Automation Services,1
Papertrail,1
Adzerk,1
Wish,1
Exotic Ads,1
Multi Media LLC,1
Invoked Apps,1
Apus Group,1
Podbean,1
Point Marketing Services,1
TekSavvy Solutions Inc.,1
Canonical Ltd,1
Reolink,1
KDDI Corporation,1
Cablelynx,1
Dyson,1
TrackedWeb,1
Naz,1
WP Engine,1
"Neustar, Inc.",1
Birdytone,1
bt.tn,1
"MicroAd, Inc.",1
WCI,1
MaintainBrain Inc.,1
Glassbox Digital,1
Nochost.ru,1
OpenStreetMap Foundation,1
Raketa,1
TrendMD Inc.,1
Virtual1,1
Inverse Path Ltd.,1
MDL Information Systems,1
Arduino,1
iFit,1
ELNICS,1
PerimeterX,1
SmartNews Inc.,1
Izeni,1
SolarEdge Technologies,1
FMTCS,1
TULA,1
Sri Lanka Telecom,1
Getinternet AS,1
Telpol,1
Apollo Program,1
DSM,1
CacheNode,1
LasVegas.Net,1
CDN.net,1
Zare,1
UkServers Ltd,1
HostDime,1
GorillaServers,1
A-Power Computer Ltd.,1
Percept.AI,1
Vivo,1
Fox Networks Group,1
Social Media Wins,1
EOLO,1
Tecnoadsl,1
Cheapnet S.r.l.,1
MinasNet Telecomunicações Ltda,1
Sprintel s.r.o.,1
FileNext,1
Pulsed Media,1
M6 Web,1
Epson Corporation,1
UU Net,1
Eta Labs,1
Physikalisch-Technische Bundesanstalt (PTB),1
NetByNet,1
Bashinformsvyaz,1
OK Centralen AB,1
Spedition Michel,1
PowerLinks,1
Electric Imp,1
Satellite Networking Technologies,1
Priority Telecom,1
NFO Servers,1
Wiktel,1
Piwheels,1
Exetel,1
Internet Society,1
LionLink Networks,1
BySH.me,1
N4T LLC,1
Mogilev City Executive Committee,1
Quantum,1
"Sense Labs, Inc.",1
Issuu,1
Karlsruhe Institute of Technology,1
Nixplay,1
Fibrestream,1
Kik Interactive Inc.,1
WGRZ-TV,1
Plutex GmbH,1
LSTN Sound Co.,1
HQ Serv,1
LitecoinPool.org,1
Red Ventures,1
M247,1
Transact,1
iproxy.cloud,1
Press CDN,1
SIPgate,1
ChargePoint,1
NETGEAR,1
Westlink Internet,1
UpCloud Ltd,1
"Far EasTone Telecommunications Co., Ltd.",1
Avangard DSL,1
Unitymedia,1
XS4ALL,1
PLDT,1
Provedor Live,1
Arcanite,1
Brightspot,1
AirTies,1
Orb Web System,1
TFG Co.,1
Nanit,1
Zype,1
OzarksGo,1
AlienVault,1
Baobei Ltd,1
Lenskart,1
"Belkin International, Inc.",1
Technical University of Munich,1
GleSYS,1
Airline Ticketing Limited,1
Yieldmo,1
Stanza,1
ADT Digital Platforms,1
AdMarvel,1
Telegraph Media Group,1
Symbiant,1
CPRapid,1
Wake Forest University,1
Mainframe2,1
Anker Innovations Limited,1
Eufy,1
Evergreen Space Museum,1
Pushover,1
ChannelAdvisor,1
Gandi,1
Fedora Project,1
Phuket.com,1
MultiDoge,1
abuse.ch,1
L'Obs,1
AdRoll,1
Connesi s.r.l.,1
Net-OIP,1
Arco S.r.l.,1
AXNTECHNOLOGIES,1
"Marriott International, Inc.",1
Savage Beast Technologies,1
BrightTag,1
Defense Information Systems Agency (DISA),1
Hiper A/S,1
Nayatel,1
VON Consulting Partners,1
Simharif,1
Neohub Ltd,1
Kazakhtelecom,1
Weathercloud,1
Dynamic Marketing,1
Button Inc.,1
University of Houston,1
Atom Data,1
ServeHttp,1
Bain & Company,1
BrightCloud,1
Nextcloud GmbH,1
Inria,1
Fibar Group,1
Infonet,1
MyStrom,1
Petcube,1
DNS Made Easy,1
SenseMe,1
University of Colorado Boulder,1
Shatel Group,1
Si.mobil d.d.,1
F3322,1
ipify,1
DDNSS,1
University of Alaska,1
Oklahoma State University,1
Fastnet S.p.A.,1
Anova Culinary,1
CloudIPs,1
RedIRIS,1
Gen4,1
Appsmb,1
Snaptube,1
BloomSky,1
IoT-DNS,1
Rundsp,1
Tend,1
GE Appliances,1
Seluxit,1
Yourloop,1
Zodiac,1
Airboxlab,1
VYL Media,1
Abissnet,1
Signal Messenger LLC,1
FVD Media,1
Slovak Telekom,1
Falcon Internet Services,1
Orbit,1
Washington Post,1
INAF (Istituto Nazionale di Astrofisica),1
Comfortel,1
SonicWall Inc.,1
ChefSteps,1
Corporació Catalana de Mitjans Audiovisuals,1
DIY Advice,1
Athena,1
Freie Universität Berlin,1
Accessly,1
Orange Business Services,1
Rayjump Technologies Inc.,1
Webmin,1
HomeSeer,1
Tribune Media,1
GTD Internet,1
Kort,1
MegaPath,1
Entale Media,1
Impression Desk,1
Yieldlab AG,1
OnServo,1
Friedrich-Alexander University of Erlangen-Nuremberg,1
JFrog,1
eedomus,1
Gigaset Communications GmbH,1
Estpak,1
Starman AS,1
Arvid Norberg,1
Flight Plan Database,1
ComNet LLC,1
MathWorks,1
Promax,1
Superonline,1
Hong Kong Cable Television Limited,1
Esto Internet Private Limited,1
Infuturo,1
Express Network,1
net-http GmbH,1
Planeta NET,1
The UK Mirror Service,1
Movistar,1
SiqueiraLink,1
Netway Telecom,1
Scaleway,1
DBS Bank,1
University of Maryland,1
Unity Media Group,1
Versatel GmbH,1
Online SAS,1
Musixmatch,1
"OpenVPN Technologies, Inc.",1
CloudDevice,1
Provide Technologies,1
iXsystems,1
Webcollage,1
RTL Nederland,1
Swipe Forward LLC,1
Virgin Media Ireland,1
Syringa Networks,1
"University of Nevada, Las Vegas",1
Flightradar24 AB,1
Armbian,1
Domoticz,1
OpenHAB Foundation,1
MediaMall Technologies,1
Zscaler,1
adtech,1
GIPHY Inc.,1
SlickVPN,1
Galacticmouse,1
ZoneMinder,1
TheXEM,1
Northwestel,1
SOHO Group,1
1&1 Mail & Media Inc.,1
Masmovil,1
Tiscali S.p.A.,1
TelePacific Communications,1
SellPoints,1
Cision,1
A3 Fiber,1
Node1,1
MNS Group,1
Barracuda Networks,1
Klarna,1
Mojang Studios,1
CubeCraft Games,1
Hive Bedrock,1
Lifeboat Network,1
INPVP,1
Mineplex,1
Jamloop,1
Peacock,1
Atom Tickets,1
Virtru Corporation,1
Cloud DNS Ltd.,1
Ocean Draw,1
Swiss Cablecom GmbH,1
CloudNow,1
Australia Post,1
XCast Labs,1
GEDI Gruppo Editoriale S.p.A.,1
Bitwarden,1
NetVision,1
Emogi,1
Sports Illustrated,1
Adtechus,1
Meetup,1
Sailing Lab Apps,1
Lifesize,1
NBC Universal,1
Dotomi,1
IEEE,1
TinyCo,1
"InVisionApp, Inc.",1
Cox Media Group,1
Active Metering,1
Media Browser,1
ActiveProspect,1
Monkeybrains,1
Yellowblue,1
ETH Zurich,1
Vodafone GmbH,1
RTB Seller,1
"Zoro Tools, Inc.",1
Yotpo,1
"Hearst Communications, Inc.",1
Telefonica Colombia,1
Niq Turbo,1
Megared,1
Viasat,1
Telnor,1
OpenITP,1
MachLink,1
Planeta,1
Red Dirt Proxies,1
Tata Communications,1
T-2 d.o.o.,1
Linkplay,1
"University of California, Berkeley",1
CyberGhost,1
DSL Avangard,1
Xueshine,1
Rzhengdeli,1
AdMob,1
PlayFirst Inc.,1
Seagate Technology,1
Arsenal Media Group,1
"Resideo Technologies, Inc.",1
Not available,1
Interoute Communications Limited,1
noris network AG,1
Sigma CDN,1
Joyn GmbH,1
Unity Media,1
Wijeya Newspapers Ltd,1
Rainforest Automation,1
BTGuard,1
Pushnami,1
Telia Carrier,1
Unsplash,1
British Gas,1
Insteon,1
Sonarr,1
Southwest Airlines Co.,1
Cablesurf GmbH,1
Bang & Olufsen,1
Reliable Hosting,1
StrongConnectivity,1
WirelessCar,1
University of British Columbia,1
Olark,1
"CoolKit Technology Co., Ltd.",1
Jampp,1
Fetch TV,1
Telfort,1
Al Shamil,1
Tinder,1
FairPoint Communications,1
Telldus Technologies AB,1
United Kingdom government,1
"OverDrive, Inc.",1
PVOutput,1
EBillSoft,1
LeaseWeb,1
Kashra,1
FamilyDollar,1
iSpyConnect,1
Huawei Technologies Co. Ltd.,1
Plusnet,1
vTuner,1
CPX Interactive,1
Intentiq,1
Worldation,1
Nike,1
6Sense,1
to,1
Frontier Developments plc,1
Mitene Inc.,1
ABC,1
Internet Systems Consortium,1
UbEmbed,1
InfoJobs,1
DivX LLC,1
Acexedge,1
Ecorebates,1
Science A2Z,1
Universidad Politécnica de Madrid,1
Gravity Road,1
ImmobilienScout24,1
Liftoff,1
Adjust,1
Nynex,1
National Research Council Canada,1
Wave Broadband,1
"Overcast Radio, LLC",1
Wingify,1
Cint,1
MoEngage,1
Dianomi,1
Connatix,1
XNXX,1
AWE,1
Shalltry Group,1
Tchê Turbo,1
Xipline,1
MivoCloud,1
EVRYTHNG,1
SkyMesh,1
Sensi,1
La Crosse Technology,1
Canary Information Security,1
GlobalWebIndex,1
ChicV International Holding Limited,1
Meari,1
Mindspring,1
BT,1
IPVanish,1
Vietnam Posts and Telecommunications Group,1
Tellas,1
UnderHost LLC,1
Aruba S.p.A.,1
Tot Internet,1
ENABLER Inc.,1
WP Servers,1
Uzbekistan Pochtasi,1
ER-Telecom Holding,1
KosNet,1
VSI Group,1
Altice France,1
Seedbox.io,1
Telkom,1
Dostyk New Europe LLP,1
T-Com,1
The Epoch Times,1
Peel Valley,1
"National Standard Time and Frequency Laboratory, Bureau of Standards, Metrology and Inspection",1
LoseYourIP,1
Trafikverket,1
Viana,1
TransIP,1
Multinet Pakistan Pvt Ltd,1
Conway Corp,1
Comunodius,1
Taiwan Network Information Center,1
Play,1
Ucom,1
Casio,1
SNARC,1
Travano,1
Algarnet,1
StarHub Ltd,1
Gen Media Partners,1
3BB Broadband,1
Telekom Malaysia Berhad,1
Maxcom Telecomunicaciones,1
Israel Internet Association,1
OSMC,1
Interhost Communication Solutions Ltd.,1
North American Coax,1
WireDNS,1
Open Port Stats,1
Redstation Limited,1
Constant Technologies,1
GameServers.com,1
Softhost,1
ShowRSS,1
JustInstalled,1
Channel Network,1
Sunbloom Marketing,1
VDSina,1
Chaikovskie,1
UK Solution,1
West Datacenter,1
DataHound,1
2K Games,1
Rostelecom,1
Totalplay,1
BurgerFuel,1
Three UK,1
Interstar,1
Logantel,1
Duo County Telecom,1
Rockstar Games,1
Premier Online,1
TDC Group,1
Ligtel Communications,1
Embarq Corporation,1
"Antik Telecom, a.s.",1
Torlock,1
ipapi,1
Notifiarr,1
OpenSubtitles,1
Servarr LLC,1
Federal Trade Commission,1
Atlantic Broadband,1
WindX,1
HopOne Internet Corporation,1
ComSouth,1
Plateau Tel Co.,1
Big Bend Telephone Company,1
I Want Wireless,1
Yucca Group,1
AETND,1
Virtua,1
Sail Internet,1
Viettel Group,1
C-Storm,1
Surfer SEO,1
Spark New Zealand,1
Net1,1
DNLab,1
RootLayer Technologies,1
SILH,1
YIFY/YTS,1
Elisa Oyj,1
Inetia Sp. z o.o.,1
International Aerospace Quality Group (IAQG),1
Teléfonos de México (Telmex),1
Fido,1
Euskaltel,1
Freenet Ukraine,1
Telekom Brunei Berhad,1
Okta,1
Orange Polska,1
Vodafone New Zealand,1
Skyware,1
VSE NET GmbH,1
Harvard University,1
Advanced Info Service Public Company Limited,1
Elisa Corporation,1
PacificoNet,1
Speedy,1
"Asianet Services Co., Ltd.",1
Cisco Meraki,1
OpenAQ,1
VertesNet Kft.,1
Networx-BG,1
GoIP Global Inc.,1
Hawaiian Telcom,1
Coditel,1
Arkada-X,1
Singtel,1
Veloxzone,1
BCube,1
UPC Polska,1
Librivox,1
Sweet Tooth,1
FossMint,1
Inside Graph,1
DIRECTV,1
Scroll,1
Anvato,1
Tremor International,1
Iris.TV,1
Fox News Channel,1
Simplereach,1
Comcast Corporation,1
Bleacher Report,1
Pinsight Media+,1
Allophone,1
Fanart.tv,1
Podnapisi d.o.o.,1
McAfee,1
Internet Security Research Group,1
Financial Times,1
Quora,1
Piano,1
OpenX,1
IFTTT,1
Hilton Worldwide Holdings Inc.,1
Forter,1
Politico,1
Sonobi,1
Moat by Oracle Data Cloud,1
Outbrain,1
Outbrain Inc.,1
Zemanta,1
Publishers Clearing House,1
Duolingo Inc.,1
Triton Digital,1
Wyze Labs,1
Index Exchange,1
Media.net,1
District M,1
PubWise.io,1
D-Link,1
Enphase Energy,1
Afrihost,1
Belkin,1
Comodo,1
Sekindo,1
Digital UK,1
AccuWeather,1
Airwire Ltd.,1
Sprint,1
"Backblaze, Inc.",1
SocketLabs,1
HK Serverworks,1
WineHQ,1
"QNAP Systems, Inc.",1
Lotame Solutions Inc.,1
Zynga,1
SafeDK,1
Aerserv,1
AppLovin Corporation,1
AB1N,1
Blink Receipt,1
Instabug,1
EMB,1
"Radar Labs, Inc.",1
Slack,1
Smadex,1
Clean,1
33Across,1
1rx,1
Vox Media,1
The Lego Group,1
Moz,1
VoIP Your Life LLC,1
Semasio GmbH,1
BTTrack,1
Rubicon Project,1
PubMatic,1
Nice People At Work,1
Comedy Central,1
Viacom,1
FreeWheel,1
247.ai,1
TeamViewer GmbH,1
Honey Science Corp.,1
Akamai,1
Macromedia,1
MediaMath,1
XBCS,1
Cineplex,1
IOTCPROJECTS S.L.,1
Web-Hosting.com,1
SmartThings,1
WestCall,1
Vevo LLC,1
Stan Pty Ltd,1
Nice People at Work,1
DRMtoday,1
Vizio,1
Amazon.com,1
Formstack,1
Pendo,1
Adknit,1
Ensighten,1
FlightAware LLC,1
The E.W. Scripps Company,1
Netflix Inc.,1
ShareThis,1
247mahjong.com,1
Splashtop Inc.,1
"Vitalwerks Internet Solutions, LLC",1
Ada Support,1
Brave Software,1
CNET,1
Dark Reader,1
Invision Community Inc.,1
SkyBell Technologies,1
Public Suffix,1
EasyList,1
CEDIA,1
IAB Tech Lab,1
The University of Chicago,1
Iterable,1
HiSilicon Technologies,1
MediaTek Inc.,1
agoop,1
OzTAM Pty Limited,1
SBS,1
Freeview Australia Limited,1
SWITCH MADE GmbH,1
Australian Broadcasting Corporation,1
SEEK Limited,1
T-Systems International GmbH,1
Blubrry,1
Megaphone,1
CleanBrowsing,1
Helpshift,1
Unity Technologies,1
Huawei,1
XVideos,1
Xvideos,1
OUI,1
AnyDesk Software GmbH,1
JetBrains,1
Vodafone Italia S.p.A.,1
Rollout.io,1
DynAdmic,1
Neato Robotics,1
Host Europe GmbH,1
The University of Edinburgh,1
Macrium Software,1
Sveriges Television AB,1
Adsmoloco,1
Ancestry.com LLC,1
Internetstiftelsen i Sverige,1
Western Digital,1
7-Eleven,1
Northghost,1
"Chunghwa Telecom Co., Ltd",1
Ayla Networks,1
Althea Group,1
Coucou Networks,1
TripAdvisor,1
GLPALS,1
Keepa,1
Symantec,1
Norton,1
ProSiebenSat.1 Media SE,1
Partnership to End Addiction,1
Wink,1
Starz,1
Shoofle,1
Rima Group,1
Net Systems Research,1
Lyft,1
TPV Analytics,1
DEV Community,1
Playrix,1
DeltaDNA,1
Plume,1
University of Toronto,1
Fidnet,1
RCN Corporation,1
fwupd,1
GNOME Foundation,1
Hypemarks,1
Patch Media Corporation,1
Hoefler&Co,1
Qualtrics,1
Cornell University,1
"Qualcomm Technologies, Inc.",1
Intrinsec,1
Statcounter,1
Music Radio,1
ACS,1
MMMS,1
ThreatSTOP,1
University of California San Diego,1
OVO Energy,1
QuadMetrics,1
Shodan,1
The Shadowserver Foundation,1
vSYS,1
CloudEdic,1
Cloudways,1
AdScore,1
ChinaCache,1
ITV,1
Traffic Factory,1
IP2Location,1
NGTV,1
GetSiteControl,1
Crittercism,1
jsDelivr,1
Stripe,1
Fortinet,1
Eco User,1
August Home,1
Coder Technologies Inc,1
Dark Sky,1
Automatic Labs,1
RevenueCat,1
Is a Geek,1
"Docker, Inc.",1
TMODNS,1
Complex Networks,1
DAZN,1
"Ubiquiti Networks, Inc.",1
Syncbak,1
World Time Server,1
Hoopla Digital,1
Poshmark,1
AMC Networks,1
Giize,1
Behaviour Interactive,1
Molekule,1
TuneIn,1
TED Conferences LLC,1
Pelmorex,1
TouchType Ltd,1
Clasp Technologies,1
iFunny,1
ASUSTeK Computer Inc.,1
FDN,1
WideOpenWest,1
Bilibili,1
Bililive,1
Sectigo,1
Umeng,1
CDNetworks,1
Emma,1
Gracenote,1
Royal Purple Bath Kitchen,1
Faktor,1
Greenshot,1
Deezer,1
Iliad,1
Free SAS,1
Norwegian Broadcasting Corporation and the Norwegian Meteorological Institute,1
Suddenlink Communications,1
JPL,1
Raygun,1
Censys,1
CriminalIP,1
Adafruit Industries,1
DNS-O-Matic,1
The WordPress Foundation,1
University of Texas at Austin,1
RealVNC,1
RealVNC Limited,1
NetDNA,1
Raspberry Pi Foundation,1
Opinion Stage,1
WordPress Foundation,1
Jibe,1
Acast,1
OpenSignal,1
Flipboard,1
Unmetered,1
ServerControl,1
HBC,1
SecureLink,1
Spectrum,1
Comcast,1
AmpMe,1
Demandbase,1
ProxyGo,1
Telepac,1
NOS,1
ASUS,1
ITSUP,1
This American Life,1
TrafficJunky,1
Respawn Entertainment,1
EtaHub,1
Adtng,1
MoPub,1
ICF International,1
"Wikimedia Foundation, Inc.",1
PORNHUB,1
Adjust GmbH,1
Wikimedia Foundation Inc.,1
Leanplum,1
US Internet Corp,1
GameMode Ltd.,1
Honeywell International Inc.,1
Localytics,1
Mozilla,1
Ubi Soft Entertainment,1
musical.ly,1
Litix,1
Move Networks,1
SharpStream,1
StartApp,1
Adswizz,1
Mapbox,1
Ecosia GmbH,1
TickTick,1
Tile,1
Gfycat,1
Dynatrace LLC,1
3GPP,1
Sitecore,1
"Facebook, Inc.",1
Twitter Inc.,1
Sling TV,1
BlueCava,1
Ubisoft,1
Merkle Inc.,1
StickyAdsTV,1
Placed,1
Adroll,1
Adventive,1
LaunchDarkly,1
"Tapas Media, Inc.",1
DU Group,1
WP Digital,1
"A2Z Development Center, Inc.",1
Urban Airship,1
Insignia Products,1
GoGuardian,1
OnDemand,1
Fitbit,1
VideoAmp,1
StarVPN,1
iZat Cloud,1
mParticle,1
RWTH Aachen University,1
Major League Gaming,1
Samsung Electronics,1
Internet@TV,1
Pavv,1
Pluto TV,1
Hulu LLC,1
Discover Financial Services,1
WizRocket Inc.,1
Vivint,1
Truecaller,1
OneSignal,1
Apptimize,1
Bugsnag,1
The Hill,1
SmarterHQ,1
Future plc,1
Apigee,1
Footprint,1
Geniuslink,1
Domotz,1
GVT1,1
Plex Inc.,1
AMP Project,1
"Roku, Inc.",1
AIV,1
Conviva,1
Roku,1
Global Verifiable Tracking 2,1
Kochava,1
AdColony,1
Extend,1
Optimizely,1
APXLV,1
Pippio,1
Cogocast,1
Fqtag,1
DoubleVerify,1
Elemental Technologies,1
"Extreme Reach, Inc.",1
Innovid,1
"Full Circle Studies, Inc.",1
Evidon,1
"comScore, Inc.",1
Linkvertise GmbH,1
SiteScout,1
Bidswitch,1
Signal Foundation,1
Flurry,1
LinkedIn,1
Disqus,1
"Signal Messenger, LLC",1
The NTP Project,1
RAVM,1
Epic Games,1
Amino Apps,1
Vivox,1
"Epic Games, Inc.",1
Multichoice Group,1
Duck DNS,1
Rakuten Viki,1
Philo,1
OTT Monetization,1
Channel 4,1
Kustomer,1
Viber Media,1
A1 Telekom Austria Group,1
Manitoba Unix User Group,1
GVT3,1
Google LLC,1
TUNE,1
Flathub,1
Brave Software Inc,1
Global Financial Services,1
King,1
Code.org,1
SmugMug,1
Crackle,1
New York University,1
IdenTrust,1
Arbor Networks,1
Vultr Holdings Corporation,1
OnePlus,1
Cox Communications,1
Vewd,1
Time Warner Cable,1
"Charter Communications, Inc.",1
Nest,1
Electronic Arts,1
Netgear,1
DigiCert,1
AMD,1
Com Hem AB,1
Static Wars,1
Underdog Media LLC,1
Ooreka,1
Ably,1
CBC,1
Appboy,1
NZBPlanet,1
Red Bull,1
Swrve Inc.,1
Brid.tv,1
OTE Telecom,1
"Silicondust USA, Inc.",1
Private Internet Access,1
Rackspace Hosting,1
Vudu,1
"Fox News Network, LLC",1
Tapad,1
3lift,1
Home Assistant,1
Docker,1
Bell Media Inc.,1
Everest Technologies,1
Maigreatjob,1
Tencent Holdings Limited,1
ZeroTier,1
WebSol Pakistan,1
Nexia International,1
Blue Mail Media Inc.,1
Nexage,1
Oath,1
Internet Video Archive,1
Brightline Interactive,1
Hulu,1
CDK Global,1
Integral Ad Science,1
SpeedCurve,1
Apester Ltd.,1
"Beijing Xlink Communication Technology Co., Ltd",1
Flux Software LLC,1
MB&F,1
Affirm,1
NVIDIA Corporation,1
Brightcove,1
Brightcove Inc.,1
Acquia,1
TWiT LLC,1
Whisk,1
S. Bixby LLC,1
Meraki,1
GroceryServer,1
"Pandora Media, LLC",1
"Blizzard Entertainment, Inc.",1
Ring,1
Aibixby,1
StreamTheWorld Inc.,1
NPR,1
FCloud,1
Transacme,1
Rapid7,1
Carna Botnet Research Team,1
National Hockey League,1
AMCS Group,1
ShopHQ,1
INK 1001,1
Flingo,1
MUSO,1
Major League Baseball,1
MaxMind,1
DuckDuckGo,1
Sophos Ltd.,1
"Fandango Media, LLC",1
Company Target,1
Bolt DNS,1
"iHeartMedia, Inc.",1
Footprint DNS,1
The Movie Database (TMDb),1
DataTables,1
Data-Driven Documents,1
Font Awesome,1
Quad9,1
LastPass,1
F-Droid Limited,1
OP.GG,1
XBMC Foundation,1
Internet Archive,1
Tetaneutral,1
Imgur,1
Amplitude,1
BIT BV,1
"GitHub, Inc.",1
Datadome,1
"Zillow Group, Inc.",1
PBS,1
iRobot Corporation,1
World Lifestyle,1
Presage,1
Babbel,1
BAMTECH Media,1
eyeo GmbH,1
Uber,1
National Institute of Standards and Technology,1
Pushbullet,1
Signify,1
TalkTalk,1
DoorDash,1
Tail Target,1
W-X Technologies,1
LoginRadius,1
Media6Degrees,1
OctoPrint,1
Dashlane,1
Appcues,1
Treasure Data,1
MobilityWare,1
Sveriges Radio,1
Alpha Vantage Inc.,1
Red Hat,1
LiveRamp,1
Gliptv,1
pCloud AG,1
Azul Systems,1
Meross,1
Tado GmbH,1
MyCloud,1
Paradox Interactive,1
National Basketball Association,1
Emzy,1
Luke Dashjr,1
Matt Corallo,1
Dashdot,1
Bitcoin Stats,1
Lynda.com,1
Bitdefender,1
i3D.net,1
Яндекс,1
VK,1
TBCache,1
AdSniper,1
Mail.ru Group,1
SSA CDN,1
Plesk,1
Spreaker,1
SLB,1
GET,1
Bliss Point Media,1
SSense,1
CBC/Radio-Canada,1
HowStuffWorks,1
Reliance Jio Infocomm Limited,1
Symmetricom,1
US Navy,1
University Corporation for Atmospheric Research,1
AboveNet Communications Inc.,1
HostGator,1
Distributel,1
Rogers Communications,1
Michigan Technological University,1
Xirvik,1
Sonic,1
Ooma,1
William Hill,1
Carrier,1
Telecom Italia,1
VoIP Supply LLC,1
LiveBarn,1
Southwest Airlines,1
Université Claude Bernard Lyon 1,1
Marantz,1
CoolKit Limited,1
Kabelnet Communications Ltd.,1
Society of Motor Manufacturers and Traders (SMMT),1
Kaltura,1
Thawte,1
Shopbop,1
OOO Syringe,1
The Wall Street Journal,1
Aeon Lucid,1
"Npm, Inc.",1
University of Twente,1
WPSTR Media,1
Bitmovin,1
Backblaze,1
Hover,1
Flexibits,1
Mashable,1
WebMD,1
Browsi,1
Oracle Data Cloud,1
The Guardian,1
Taboola,1
Pixalate,1
Attribution,1
NTL Incorporated,1
Palo Alto Networks,1
SFR,1
AAX LLC,1
Return Path,1
"Tubi, Inc.",1
Kanopy,1
RLJ Entertainment,1
SystemCDN,1
AdHigh,1
WeTransfer,1
Pollen,1
World Air Quality Index Project,1
"Hosts File, LLC",1
Disconnect,1
Inspectlet,1
Adguard,1
Split Software,1
Dalhousie University,1
themoviedb,1
Shifen,1
DigitalOcean,1
Resilio Inc.,1
1337x,1
Feral Hosting,1
Appcloudbox,1
DFN-Verein,1
University of Bonn,1
Middle East Technical University,1
Rochester Institute of Technology,1
Stanford University,1
Washington University in St. Louis,1
Blizzard Entertainment,1
CDNTip,1
Jomohost LLC,1
Zhihu,1
DotSrc,1
Dell Technologies Inc.,1
HBO Nordic,1
Pushwoosh,1
SpiderSpace,1
University of Cambridge,1
Adikteev,1
DBank Online,1
Bahnhof,1
Breeze-In,1
HERE Technologies,1
Match Group,1
Subscene,1
NLUUG,1
Triple,1
The University of Iowa,1
Sirius XM Holdings Inc.,1
The Conversation US,1
Janrain,1
Drip,1
Swedish Meteorological and Hydrological Institute,1
Cast4,1
Spiceworks,1
Dynamic Network Services,1
Trackscale,1
Vindico,1
VertaMedia,1
EMX Digital,1
GameAnalytics,1
2CNT,1
Snappea,1
Entel,1
Ukrtelecom,1
Cinematerial,1
Videotron,1
Lionbridge Technologies,1
Gulf Canvas Company,1
TVadSync,1
Esri,1
GeoEdge,1
WalkMe,1
Heap,1
Qualys,1
Decibel,1
Parrable,1
AddThis,1
HD Witness,1
Selectable Media,1
Rmtag,1
dresden elektronik,1
"TP-Link Technologies Co., Ltd.",1
Sail Horizon,1
Last.fm Limited,1
CQuotient,1
LaMetric,1
Usabilla,1
CMD Solutions LLC,1
Sogou,1
Able Communications Inc.,1
CTi Networks,1
CTM Communications,1
China Unicom,1
China Telecom,1
China Mobile,1
"Hanbang Culture Development Co., Ltd.",1
The Things Industries,1
Technical University of Berlin,1
Merriam-Webster,1
Mobvista,1
Corio Inc.,1
ipinfo.io,1
Mysa,1
NinthDecimal,1
World Travelling,1
Usersnap,1
National Aeronautics and Space Administration (NASA),1
Rollbar,1
CQloud,1
Doist,1
YouView,1
Experian,1
Nordstrom,1
Jiguang,1
LADSP,1
Brilliant Technology Corporation,1
Apptentive,1
Cardiogram,1
Wayfair,1
Rackspace Technology,1
Lithium Technologies,1
NAVER Corporation,1
LINE Corporation,1
Sync.com,1
Rakuten Marketing,1
Amobee,1
W55c,1
Creative Commons,1
Flight,1
CIVIC,1
TravelFuntu,1
Eve Systems GmbH,1
Doodle AG,1
Gimbal,1
TNG Technology Consulting GmbH,1
WTnet GmbH,1
Bannersnack,1
Red Bend Software,1
Liberated Syndication,1
NIC.br,1
Netweaver,1
Horizon Blockchain Games Inc.,1
Swedish Academy,1
Now TV,1
Sky UK Limited,1
New York Public Radio,1
Seamless,1
Proximal Health,1
Bluecore,1
TripIt,1
The Minded Security Team,1
theScore,1
Webroot,1
Wiz,1
Druva,1
Kornet,1
Naver Corporation,1
Wemo,1
Splunk Inc.,1
Red Button Digital GmbH,1
ARTE G.E.I.E.,1
Hotjar Ltd.,1
Smartclip,1
TradingView,1
Hurricane Electric,1
Wowrack,1
Eastlink,1
Foscam,1
Life.Church,1
Tipsy Coffee,1
JivoSite,1
UNIQUEUCCESS INC,1
UserReport,1
AdThrive,1
Ada Derana,1
TruTri LLC,1
ME! Group,1
Xively,1
Lutron,1
SPCSDNS,1
Cincinnati Bell,1
Blue Iris Software,1
Smile.io,1
Vidazoo,1
EDIS GmbH,1
BizRate,1
Ilim Group,1
ShopRunner,1
Yahoo,1
TurnTo Networks,1
Kampyle,1
Tablo,1
Pocket Casts,1
ABC Owned Television Stations,1
Survata,1
ColoCAT,1
Demonware,1
"Choopa, LLC",1
Spurtup,1
B1JS,1
Carrot,1
ZENEDGE,1
Desync,1
OpenBitTorrent,1
E2E Networks,1
AVCN Media,1
NI,1
BBTEC,1
Kyivstar,1
Fibertel,1
Comcast Business,1
Punkt. AS,1
AirVPN,1
Poney Telecom,1
Smaato,1
Under Armour,1
"Windyty, Inc.",1
Contentstack,1
Technolutions,1
DigitalGov,1
SES Software and Consulting GmbH,1
Kargo,1
Cohesion Apps,1
ESET,1
Radiant Mediatechs,1
Cludo,1
Sleeknote,1
BlueConic,1
Slimware Utilities,1
Channel 5,1
Adition,1
Simpli.fi,1
INFOnline GmbH,1
ZDF,1
"Perry Street Software, Inc.",1
247Sports,1
ForeSee,1
4See Results,1
Government of Canada,1
eTraining,1
Algar Telecom,1
Telekom Austria Group,1
Denon,1
Immedia Semiconductor,1
Norwegian Meteorological Institute,1
Vocus Communications,1
Aussie Broadband,1
TPG Telecom Limited,1
Acme AOM,1
Letgo,1
PillPack,1
AdTidy,1
Sumo Logic,1
ColoCrossing,1
Umeå University,1
Quantcast,1
Measurement Lab,1
eBay Inc.,1
SamKnows,1
"Visual IQ, Inc.",1
Yleisradio Oy,1
MeetCircle,1
Technical University of Cluj-Napoca,1
Cool Ideas,1
IFX Networks,1
SEF Fiber A/S,1
DSL Corp,1
DNA Oy,1
Telenor Norge AS,1
ecobee Inc.,1
QuadraNet,1
Bell Aliant,1
Mobimagic,1
The Ozone Project,1
Brand Metrics,1
GMO Internet Group,1
Guim,1
TripleLift,1
BeeswaxIO Corporation,1
Eyeota,1
Guardian News & Media Ltd,1
24 Hour Fitness,1
IP Pool,1
Zillow Group,1
"Trakt, Inc",1
KQED,1
Responsys,1
The Walt Disney Company,1
NSFOCUS,1
Telus Communications Inc.,1
Cuebiq,1
Waze,1
Ticketmaster,1
Uservoice,1
Podtrac,1
Time,1
TidalTV,1
Adap.tv,1
PageFair,1
Alphonso Inc.,1
iSpot.tv,1
TRE AB,1
GetGo,1
Driftt,1
Warner Bros. Entertainment,1
"Tesla, Inc.",1
Meetrics,1
Weborama,1
Simplecast,1
DC Storm,1
PulsePoint Inc.,1
Art19,1
Bazaarvoice,1
AppWork GmbH,1
Taplytics,1
Comcast Technology Solutions,1
Crunchyroll,1
Ninja Journalist,1
The Economist Newspaper Limited,1
DataDog,1
Westnet,1
"WOW! Internet, Cable & Phone",1
Epsilon,1
Verisign,1
Bharti Airtel Limited,1
The Design People Inc.,1
FanDuel,1
SpringServe,1
zeotap,1
Imperva Inc.,1
Space Monkey,1
Vyve Broadband,1
Consolidated Communications,1
Sparklight,1
Grande Networks,1
TDS Telecom,1
Windstream Communications,1
Bitnodes,1
"Remote, Inc.",1
Bright House Networks,1
Google Fiber,1
ServiceNow,1
Onkyo Corporation,1
Reloaded Technologies,1
Amplify,1
Telenet Group,1
Oculus VR,1
DrivePedia,1
Fetch Rewards,1
"Zoom Video Communications, Inc.",1
Dictionary.com,1
Sleep Number Corporation,1
The DNS-OARC organization,1
GlassWire,1
Digitalsmiths,1
NKN,1
QNAP,1
Shanghai Jiao Tong University,1
Udemy,1
EnTouch Controls,1
Useinsider,1
Gemius,1
Smart AdServer,1
Alibaba,1
Ampere Innotech,1
OpenWeather Ltd.,1
Exposure Monitoring Services Pvt. Ltd.,1
BinaryEdge,1
Wanadoo,1
Name-Servers.ch GmbH,1
Keybase,1
AVG Technologies,1
"Hubitat, Inc.",1
Admission.net,1
Narrativ,1
ServeBom,1
Parse.ly,1
RKD Group,1
Packagecloud,1
Ars Technica,1
Electronic Frontier Foundation,1
InboxSDK,1
Robinhood,1
FireOS,1
UPC Ireland Limited,1
Avira Operations GmbH & Co. KG,1
Digiteka,1
Xumo,1
Undefined,1
Rakuten TV Europe S.L.,1
"Comscore, Inc.",1
StackSonar,1
Fox Digital Consumer Group,1
Audiomack,1
LG,1
AMO GmbH,1
MLinks,1
EA,1
Photobucket,1
CloudSink,1
CrashPlan,1
Evernote Corporation,1
"Baidu, Inc.",1
Chili,1
Mediaset S.p.A.,1
NodeSource,1
Entrust Datacard Corporation,1
Mopinion,1
Talkable,1
"SimpliSafe, Inc.",1
Wink Technologies Inc.,1
Crazy Egg,1
DeviantArt,1
Airable,1
National Institute of Information and Communications Technology,1
The Atlantic Monthly Group,1
Marfeel,1
Hiya,1
ClassDojo,1
AffecTV,1
VideoHub,1
GetPublica,1
Theta Networks,1
Extreme Reach,1
NEL Reports,1
Defensia,1
StubHub,1
MSGAMESTUDIOS,1
Ted,1
Mimedia Inc.,1
Admedo,1
Photon Services,1
Bethesda Softworks LLC,1
Samplicious,1
Automox,1
General Motors,1
The White House,1
Ford Motor Company,1
Flashtalking,1
Tannery Ryan Digital Strategy,1
Comporium,1
WebFX,1
OneLouder,1
"Niantic, Inc.",1
BigCommerce,1
The New York Times,1
Texthelp,1
Keywee,1
TMOcce,1
Life360,1
T-Mobile,1
Totsuko,1
ABC News,1
Infomaniak,1
Bosch,1
